Name,Buy Price,Leveled Price,Listed Leveled,Profit
Anomalous Lightning Warp,10.0,892.44,4,882.44
Phantasmal Haste,10.0,803.2,3,793.2
Divergent Power Charge On Critical Support,892.44,1338.66,44,446.22
Awakened Multistrike Support,4239.09,4676.39,37,437.3000000000002
Awakened Greater Multiple Projectiles Support,3194.94,3569.76,50,374.82000000000016
Awakened Spell Cascade Support,1673.32,1963.37,68,290.04999999999995
Divergent Creeping Frost,157.71,446.22,22,288.51
Awakened Spell Echo Support,981.68,1227.1,66,245.41999999999996
Awakened Increased Area of Effect Support,312.35,553.31,50,240.95999999999992
Awakened Fork Support,3123.54,3346.65,30,223.11000000000013
Anomalous Elemental Penetration Support,0,223.11,4,223.11
Divergent Blastchain Mine Support,5.6,223.11,1,217.51000000000002
Anomalous Pestilent Strike,8.0,223.11,5,215.11
Anomalous Frostbolt,14.4,223.11,2,208.71
Phantasmal Smite,245.42,446.22,39,200.80000000000004
Anomalous Shrapnel Ballista,19.6,218.49,6,198.89000000000001
Anomalous Flamethrower Trap,5.0,193.49,6,188.49
Awakened Elemental Damage with Attacks Support,669.33,847.82,90,178.49
Divergent Summon Skitterbots,446.22,624.71,66,178.49
Awakened Unleash Support,379.29,557.78,47,178.48999999999995
Divergent Anger,134.0,312.35,18,178.35000000000002
Anomalous Volley Support,5.88,179.24,6,173.36
Phantasmal Rolling Magma,9.0,180.84,3,171.84
Phantasmal Frostbolt,39.0,200.0,34,161.0
Phantasmal Ballista Totem Support,20.0,179.4,14,159.4
Anomalous Malevolence,178.49,334.66,35,156.17000000000002
Awakened Blasphemy Support,70.0,223.11,39,153.11
Awakened Chain Support,120.0,267.73,85,147.73000000000002
Divergent Meat Shield Support,20.0,166.0,35,146.0
Divergent Mirror Arrow,5.8,147.87,7,142.07
Awakened Cast On Critical Strike Support,140.0,276.66,51,136.66000000000003
Divergent Eternal Blessing Support,64.0,200.0,92,136.0
Divergent Rain of Arrows,15.0,150.0,21,135.0
Divergent Ensnaring Arrow,15.0,149.0,41,134.0
Divergent Energy Leech Support,16.0,150.0,19,134.0
Divergent Determination,959.37,1093.24,38,133.87
Divergent Ancestral Protector,10.0,143.4,12,133.4
Phantasmal Raise Zombie,20.0,150.0,19,130.0
Divergent Point Blank Support,8.2,136.0,5,127.8
Phantasmal Desecrate,65.0,191.6,51,126.6
Divergent Battlemage's Cry,5.0,131.24,20,126.24000000000001
Divergent Frenzy,15.0,139.0,13,124.0
Divergent Physical to Lightning Support,10.0,128.0,9,118.0
Anomalous Greater Volley Support,7.0,124.0,11,117.0
Divergent Hatred,23.0,140.0,14,117.0
Awakened Cast While Channelling Support,56.6,172.0,24,115.4
Phantasmal Mirror Arrow,85.0,200.0,33,115.0
Anomalous Blade Vortex,109.0,223.11,18,114.11000000000001
Phantasmal Splitting Steel,9.2,123.0,15,113.8
Anomalous Multiple Traps Support,780.88,892.44,51,111.56000000000006
Divergent Cast when Damage Taken Support,1004.0,1115.55,46,111.54999999999995
Anomalous Ice Spear,669.33,780.88,50,111.54999999999995
Anomalous Precision,1004.0,1115.55,39,111.54999999999995
Divergent Ancestral Warchief,9.0,120.0,11,111.0
Divergent Venom Gyre,90.0,200.8,72,110.80000000000001
Anomalous Scorching Ray,9.2,120.0,8,110.8
Anomalous Vile Toxins Support,8.0,118.6,22,110.6
Awakened Lightning Penetration Support,10.0,120.0,76,110.0
Anomalous Shield Charge,9.6,116.8,21,107.2
Awakened Arrow Nova Support,20.0,124.0,9,104.0
Phantasmal Spectral Shield Throw,1115.55,1218.18,85,102.63000000000011
Divergent Manaforged Arrows Support,121.0,223.11,85,102.11000000000001
Awakened Controlled Destruction Support,10.0,112.0,76,102.0
Divergent Blade Blast,8.0,110.0,1,102.0
Awakened Generosity Support,40.0,140.0,55,100.0
Phantasmal Vengeance,60.0,160.0,59,100.0
Awakened Swift Affliction Support,35.0,133.87,154,98.87
Anomalous Bonechill Support,18.8,116.0,48,97.2
Phantasmal Sigil of Power,44.0,140.0,113,96.0
Divergent Purity of Lightning,15.0,110.24,7,95.24
Awakened Elemental Focus Support,55.0,150.0,130,95.0
Divergent Innervate Support,106.6,200.8,22,94.20000000000002
Divergent Contagion,8.0,100.0,7,92.0
Divergent Devouring Totem,8.0,100.0,23,92.0
Phantasmal Bodyswap,6.6,98.0,2,91.4
Awakened Burning Damage Support,20.0,111.24,82,91.24
Divergent Herald of Thunder,30.0,121.0,32,91.0
Anomalous Barrage Support,49.0,140.0,97,91.0
Anomalous Flame Wall,9.2,100.0,20,90.8
Divergent Tectonic Slam,9.4,100.0,6,90.6
Divergent Spark,60.0,150.0,112,90.0
Anomalous Discipline,25.0,115.0,76,90.0
Phantasmal Arc,10.0,100.0,6,90.0
Anomalous Summon Skeletons,290.04,379.29,44,89.25
Anomalous Kinetic Blast,356.98,446.22,80,89.24000000000001
Anomalous Cursed Ground Support,15.0,103.2,57,88.2
Awakened Deadly Ailments Support,14.0,102.0,85,88.0
Divergent Summon Raging Spirit,80.0,167.23,100,87.22999999999999
Awakened Void Manipulation Support,45.0,132.0,188,87.0
Divergent Consecrated Path,10.0,96.0,13,86.0
Phantasmal Intensify Support,6.0,92.0,4,86.0
Anomalous Vengeance,15.0,100.0,42,85.0
Divergent Cold to Fire Support,15.0,100.0,16,85.0
Anomalous Toxic Rain,15.0,100.0,50,85.0
Phantasmal Cleave,5.0,90.0,26,85.0
Divergent Immortal Call,25.2,110.0,36,84.8
Anomalous Second Wind Support,15.0,99.0,56,84.0
Divergent Charged Traps Support,140.0,223.11,134,83.11000000000001
Awakened Melee Physical Damage Support,17.0,100.0,77,83.0
Divergent Haste,59.8,142.0,73,82.2
Divergent Searing Bond,7.8,90.0,7,82.2
Anomalous Added Cold Damage Support,9.0,91.0,10,82.0
Awakened Unbound Ailments Support,35.0,116.4,124,81.4
Anomalous Haste,19.0,100.0,55,81.0
Awakened Added Cold Damage Support,19.0,99.4,53,80.4
Divergent Fork Support,142.8,223.11,67,80.31
Anomalous Culling Strike Support,20.0,100.0,56,80.0
Divergent Critical Strike Affliction Support,5.0,85.0,26,80.0
Awakened Minion Damage Support,10.0,90.0,63,80.0
Anomalous Fist of War Support,10.0,90.0,72,80.0
Divergent Divine Blessing Support,40.0,120.0,148,80.0
Phantasmal Barrage,29.0,109.0,37,80.0
Divergent Glacial Cascade,20.0,100.0,17,80.0
Phantasmal Purifying Flame,10.0,90.0,17,80.0
Divergent Discharge,25.0,104.62,49,79.62
Phantasmal Raise Spectre,20.0,99.2,13,79.2
Phantasmal Flame Wall,70.0,149.0,49,79.0
Anomalous Hex Bloom Support,10.0,89.0,41,79.0
Divergent Galvanic Arrow,100.0,178.49,83,78.49000000000001
Divergent Infused Channelling Support,9.4,87.0,7,77.6
Anomalous Iron Grip Support,6.6,84.0,18,77.4
Anomalous Grace,99.4,176.79,38,77.38999999999999
Anomalous Hatred,116.2,192.4,104,76.2
Divergent Bane,10.0,86.0,12,76.0
Awakened Cold Penetration Support,14.0,90.0,68,76.0
Divergent Knockback Support,8.0,84.0,23,76.0
Divergent Grace,19.2,95.0,58,75.8
Anomalous Power Siphon,24.8,100.0,111,75.2
Awakened Hextouch Support,14.8,90.0,47,75.2
Anomalous Faster Casting Support,25.0,100.0,18,75.0
Anomalous Stormblast Mine,6.4,80.0,15,73.6
Divergent Lightning Conduit,10.0,82.8,20,72.8
Divergent Blast Rain,7.0,79.6,46,72.6
Anomalous Spell Totem Support,9.0,81.0,20,72.0
Awakened Ancestral Call Support,10.0,82.0,15,72.0
Anomalous Defiance Banner,892.44,963.83,44,71.38999999999999
Phantasmal Frost Shield,8.4,79.77,31,71.36999999999999
Anomalous Concentrated Effect Support,19.0,90.0,31,71.0
Anomalous Void Sphere,9.0,80.0,21,71.0
Awakened Added Fire Damage Support,7.0,78.0,41,71.0
Divergent Minefield Support,9.4,80.0,23,70.6
Anomalous Ice Nova,10.0,80.0,50,70.0
Anomalous Splitting Steel,10.0,80.0,15,70.0
Awakened Vicious Projectiles Support,40.0,110.0,98,70.0
Awakened Added Lightning Damage Support,10.0,80.0,54,70.0
Divergent Arc,10.0,80.0,28,70.0
Anomalous Cast when Stunned Support,10.0,80.0,22,70.0
Divergent Destructive Link,10.0,80.0,18,70.0
Anomalous Phase Run,15.0,85.0,57,70.0
Anomalous Damage on Full Life Support,25.6,95.2,44,69.6
Divergent Stormblast Mine,10.0,79.0,10,69.0
Anomalous Blade Blast,9.2,77.4,20,68.2
Divergent Bladestorm,7.0,75.0,21,68.0
Phantasmal Dominating Blow,30.0,97.98,26,67.98
Awakened Brutality Support,18.0,85.0,77,67.0
Divergent Rallying Cry,10.0,77.0,3,67.0
Anomalous Smite,9.6,76.6,12,67.0
Anomalous Arrogance Support,245.42,312.35,95,66.93000000000004
Divergent Trinity Support,379.29,446.22,60,66.93
Anomalous Scourge Arrow,200.8,267.73,61,66.93
Divergent Mark On Hit Support,446.22,513.15,100,66.92999999999995
Divergent Cluster Traps Support,423.91,490.84,63,66.92999999999995
Phantasmal Discharge,13.19,80.0,35,66.81
Divergent Divine Ire,10.0,76.0,10,66.0
Divergent Discipline,24.4,90.0,55,65.6
Divergent Iron Grip Support,6.8,72.0,10,65.2
Divergent Reckoning,10.0,75.0,17,65.0
Divergent Explosive Trap,15.0,80.0,33,65.0
Divergent Ignite Proliferation Support,9.2,74.0,31,64.8
Anomalous Greater Multiple Projectiles Support,160.0,223.11,205,63.110000000000014
Anomalous Dash,10.0,73.0,70,63.0
Anomalous Double Strike,7.0,70.0,43,63.0
Divergent Dominating Blow,5.0,68.0,10,63.0
Anomalous Voltaxic Burst,8.2,71.0,17,62.8
Anomalous Vitality,213.87,276.66,20,62.79000000000002
Phantasmal Animate Weapon,6.6,69.0,10,62.4
Anomalous Smoke Mine,8.0,70.0,53,62.0
Phantasmal Earthshatter,5.21,67.0,10,61.79
Divergent Withering Step,22.4,84.0,50,61.6
Anomalous Ensnaring Arrow,18.8,80.0,134,61.2
Anomalous Blastchain Mine Support,6.8,68.0,13,61.2
Divergent Kinetic Bolt,8.0,69.2,45,61.2
Anomalous Infernal Blow,14.0,75.0,2,61.0
Divergent Herald of Ash,185.0,245.42,105,60.41999999999999
Anomalous Melee Splash Support,9.6,70.0,30,60.4
Anomalous Minion Speed Support,99.8,160.0,125,60.2
Divergent Trap and Mine Damage Support,29.8,90.0,44,60.2
Anomalous Molten Shell,40.0,100.0,118,60.0
Divergent Vortex,48.0,108.0,54,60.0
Anomalous Caustic Arrow,10.0,70.0,75,60.0
Anomalous Animate Guardian,10.0,70.0,53,60.0
Phantasmal Lightning Tendrils,30.0,90.0,54,60.0
Anomalous Ice Bite Support,20.0,80.0,43,60.0
Anomalous Sigil of Power,12.0,72.0,20,60.0
Anomalous Lifetap Support,15.0,75.0,31,60.0
Divergent Decoy Totem,10.0,70.0,35,60.0
Divergent Spectral Shield Throw,19.0,79.0,58,60.0
Anomalous Destructive Link,6.2,66.0,9,59.8
Divergent Essence Drain,10.0,68.2,26,58.2
Divergent Dash,40.0,97.6,69,57.599999999999994
Divergent Ice Crash,5.0,62.0,24,57.0
Divergent Bodyswap,5.0,62.0,18,57.0
Phantasmal Siege Ballista,6.6,63.6,52,57.0
Divergent Bonechill Support,83.2,140.0,140,56.8
Anomalous Arcane Surge Support,23.4,80.0,87,56.6
Phantasmal Storm Call,18.8,75.0,13,56.2
Divergent Elemental Army Support,10.0,66.2,13,56.2
Divergent Combustion Support,14.0,70.0,37,56.0
Divergent Advanced Traps Support,8.0,64.0,38,56.0
Divergent Greater Multiple Projectiles Support,14.78,70.0,56,55.22
Anomalous Feeding Frenzy Support,84.8,140.0,45,55.2
Divergent Righteous Fire,75.0,130.0,176,55.0
Anomalous Frenzy,25.0,80.0,80,55.0
Anomalous Intuitive Link,5.0,60.0,22,55.0
Anomalous Explosive Concoction,5.0,60.0,13,55.0
Anomalous Pierce Support,15.0,70.0,86,55.0
Divergent Double Strike,5.0,60.0,10,55.0
Divergent Elemental Focus Support,9.0,64.0,18,55.0
Divergent Swift Assembly Support,10.0,64.4,36,54.400000000000006
Phantasmal Unearth,40.0,94.0,84,54.0
Phantasmal Searing Bond,11.2,65.0,42,53.8
Anomalous Lightning Arrow,21.8,75.0,116,53.2
Divergent Cyclone,170.0,223.11,145,53.110000000000014
Awakened Added Chaos Damage Support,7.0,60.0,70,53.0
Divergent Volatile Dead,20.0,72.6,23,52.599999999999994
Divergent Firestorm,5.6,58.0,6,52.4
Anomalous Faster Attacks Support,15.0,67.2,20,52.2
Divergent Arrow Nova Support,5.0,57.2,17,52.2
Anomalous Ignite Proliferation Support,8.4,60.0,27,51.6
Divergent Infernal Blow,8.0,59.6,22,51.6
Anomalous Momentum Support,10.0,61.2,54,51.2
Divergent Seismic Trap,9.0,60.0,24,51.0
Divergent Second Wind Support,9.8,60.0,25,50.2
Divergent Molten Strike,25.0,75.0,41,50.0
Anomalous Forbidden Rite,20.0,70.0,37,50.0
Divergent Ice Spear,20.0,70.0,84,50.0
Divergent Steelskin,10.0,60.0,34,50.0
Anomalous Manaforged Arrows Support,25.0,75.0,170,50.0
Divergent Zealotry,20.0,70.0,56,50.0
Anomalous Shock Nova,20.0,70.0,44,50.0
Anomalous Cruelty Support,20.0,70.0,120,50.0
Divergent Barrage,20.0,70.0,57,50.0
Anomalous Minion Life Support,40.0,90.0,64,50.0
Anomalous Increased Area of Effect Support,20.0,70.0,71,50.0
Divergent Fireball,10.0,60.0,34,50.0
Anomalous Cold Snap,10.0,60.0,64,50.0
Anomalous Flame Dash,20.0,70.0,81,50.0
Anomalous Ancestral Warchief,10.0,60.0,54,50.0
Phantasmal Sweep,10.0,60.0,1,50.0
Divergent Ambush,10.0,60.0,11,50.0
Divergent Scourge Arrow,8.6,58.4,9,49.8
Divergent Urgent Orders Support,15.8,65.0,15,49.2
Anomalous Cast on Death Support,8.8,58.0,22,49.2
Divergent Blazing Salvo,10.8,60.0,15,49.2
Phantasmal Storm Brand,10.0,59.0,39,49.0
Phantasmal Tectonic Slam,9.0,58.0,14,49.0
Anomalous Storm Brand,6.44,55.0,13,48.56
Divergent Elemental Damage with Attacks Support,30.0,78.4,30,48.400000000000006
Divergent Trap Support,29.0,77.2,159,48.2
Anomalous Flesh Offering,11.0,59.2,37,48.2
Divergent Enduring Cry,12.66,60.0,40,47.34
Awakened Melee Splash Support,5.0,52.0,30,47.0
Anomalous Power Charge On Critical Support,23.6,70.0,150,46.4
Anomalous Nightblade Support,176.79,223.11,49,46.32000000000002
Anomalous Raise Spectre,25.0,71.2,67,46.2
Divergent Raise Zombie,8.8,55.0,11,46.2
Divergent Assassin's Mark,19.0,65.0,92,46.0
Phantasmal Hexblast,10.0,56.0,13,46.0
Divergent Boneshatter,200.0,245.42,88,45.41999999999999
Divergent Static Strike,200.0,245.42,37,45.41999999999999
Divergent Lightning Arrow,24.0,69.4,75,45.400000000000006
Anomalous Mana Leech Support,90.0,135.4,96,45.400000000000006
Anomalous Increased Critical Damage Support,27.0,72.4,71,45.400000000000006
Divergent Predator Support,18.0,63.2,73,45.2
Divergent Unleash Support,10.0,55.0,28,45.0
Phantasmal Blast Rain,10.0,55.0,34,45.0
Anomalous Stormbind,5.0,50.0,5,45.0
Divergent Deadly Ailments Support,10.0,55.0,15,45.0
Divergent Flame Link,5.0,50.0,36,45.0
Divergent Shockwave Totem,55.0,100.0,32,45.0
Anomalous Earthquake,9.0,54.0,14,45.0
Phantasmal Puncture,15.0,60.0,120,45.0
Anomalous Arcanist Brand,10.0,55.0,26,45.0
Divergent Blood Rage,10.0,55.0,54,45.0
Anomalous Barrage,5.0,50.0,25,45.0
Divergent Freezing Pulse,9.0,54.0,11,45.0
Anomalous Absolution,5.0,50.0,29,45.0
Anomalous Bodyswap,7.0,52.0,3,45.0
Anomalous Energy Blade,4.0,48.72,22,44.72
Divergent Minion Damage Support,312.35,356.98,70,44.629999999999995
Divergent Pulverise Support,245.42,290.04,90,44.62000000000003
Divergent Purity of Elements,713.95,758.57,15,44.620000000000005
Phantasmal Blink Arrow,223.11,267.73,54,44.620000000000005
Anomalous Mirage Archer Support,290.04,334.66,57,44.620000000000005
Divergent Plague Bearer,401.6,446.22,51,44.620000000000005
Anomalous Blood Rage,736.26,780.88,34,44.620000000000005
Phantasmal Lightning Arrow,446.22,490.84,25,44.61999999999995
Awakened Fire Penetration Support,5.8,50.0,32,44.2
Divergent Void Sphere,6.0,50.0,7,44.0
Anomalous Cold to Fire Support,10.0,54.0,29,44.0
Anomalous Iron Will Support,6.0,50.0,44,44.0
Divergent Elemental Weakness,9.0,53.0,14,44.0
Divergent Crackling Lance,5.0,49.0,23,44.0
Anomalous Multiple Totems Support,10.0,54.0,39,44.0
Anomalous Archmage Support,10.0,54.0,45,44.0
Divergent Heavy Strike,8.0,52.0,2,44.0
Anomalous Manabond,6.63,50.0,8,43.37
Divergent Ruthless Support,10.8,54.0,66,43.2
Divergent Arctic Armour,180.0,223.11,56,43.110000000000014
Anomalous Snipe,5.0,48.0,19,43.0
Anomalous Storm Rain,10.0,53.0,23,43.0
Divergent Artillery Ballista,60.0,103.0,63,43.0
Anomalous Spectral Shield Throw,15.0,58.0,79,43.0
Divergent Penance Brand,5.0,48.0,4,43.0
Anomalous Arc,15.0,57.99,49,42.99
Divergent Wrath,1829.5,1872.34,5,42.83999999999992
Anomalous Cleave,7.2,50.0,3,42.8
Anomalous Cluster Traps Support,89.0,131.2,198,42.19999999999999
Divergent Eye of Winter,8.0,50.0,46,42.0
Anomalous Herald of Ice,15.0,57.0,37,42.0
Divergent Vile Toxins Support,6.2,48.2,20,42.0
Divergent Bloodthirst Support,7.0,49.0,18,42.0
Anomalous Frost Wall,5.0,47.0,5,42.0
Divergent Ancestral Call Support,10.0,52.0,9,42.0
Anomalous Searing Bond,5.0,47.0,9,42.0
Divergent Galvanic Field,7.0,49.0,4,42.0
Anomalous Hextouch Support,8.0,49.6,12,41.6
Anomalous Lightning Tendrils,8.8,50.0,8,41.2
Anomalous Lightning Strike,19.0,60.0,70,41.0
Phantasmal Cremation,109.0,150.0,112,41.0
Phantasmal Toxic Rain,59.0,100.0,25,41.0
Anomalous Cyclone,9.0,50.0,32,41.0
Divergent Cast on Death Support,5.0,46.0,13,41.0
Phantasmal Viper Strike,9.0,50.0,3,41.0
Anomalous High-Impact Mine Support,8.8,49.6,39,40.8
Divergent Flameblast,6.6,47.0,11,40.4
Phantasmal Consecrated Path,9.8,50.0,5,40.2
Divergent Flame Dash,9.8,50.0,17,40.2
Phantasmal Decoy Totem,11.8,52.0,8,40.2
Anomalous Volcanic Fissure,10.0,50.0,57,40.0
Anomalous Eye of Winter,10.0,50.0,17,40.0
Divergent Swift Affliction Support,10.0,50.0,11,40.0
Anomalous Generosity Support,15.0,55.0,39,40.0
Anomalous Wrath,40.0,80.0,96,40.0
Divergent Hydrosphere,10.0,50.0,26,40.0
Anomalous Frost Shield,10.0,50.0,71,40.0
Anomalous Puncture,10.0,50.0,10,40.0
Anomalous Herald of Agony,10.0,50.0,72,40.0
Anomalous Enfeeble,10.0,50.0,25,40.0
Anomalous Ethereal Knives,10.0,50.0,63,40.0
Divergent Pierce Support,10.0,50.0,66,40.0
Divergent Increased Critical Strikes Support,20.0,60.0,32,40.0
Divergent Whirling Blades,10.0,50.0,40,40.0
Anomalous Infernal Cry,10.0,50.0,30,40.0
Divergent Culling Strike Support,75.0,115.0,104,40.0
Anomalous Determination,30.0,70.0,128,40.0
Anomalous Shockwave Support,9.0,49.0,16,40.0
Anomalous Kinetic Bolt,20.0,60.0,40,40.0
Phantasmal Sunder,10.0,50.0,34,40.0
Divergent Wither,10.0,50.0,11,40.0
Phantasmal Frost Bomb,10.0,49.8,30,39.8
Divergent Enfeeble,10.0,49.6,99,39.6
Anomalous Freezing Pulse,10.0,49.6,26,39.6
Divergent Ethereal Knives,10.0,49.6,24,39.6
Divergent Blight,5.6,45.0,30,39.4
Anomalous Eternal Blessing Support,8.0,47.4,26,39.4
Divergent Burning Arrow,9.8,49.0,22,39.2
Phantasmal Winter Orb,10.8,50.0,58,39.2
Anomalous Exsanguinate,10.0,49.2,36,39.2
Divergent Earthshatter,5.0,44.2,20,39.2
Phantasmal Earthquake,49.0,88.0,3,39.0
Anomalous Anger,10.0,49.0,24,39.0
Anomalous Punishment,5.0,44.0,28,39.0
Divergent Flicker Strike,20.0,59.0,154,39.0
Anomalous Efficacy Support,20.0,59.0,113,39.0
Divergent Flame Wall,9.0,48.0,17,39.0
Anomalous Cast when Damage Taken Support,60.0,98.8,229,38.8
Anomalous Melee Physical Damage Support,10.0,48.8,20,38.8
Divergent Cast while Channelling Support,10.0,48.4,20,38.4
Divergent Fist of War Support,8.0,46.2,20,38.2
Anomalous Blast Rain,40.0,78.2,116,38.2
Anomalous Devouring Totem,10.0,48.2,15,38.2
Anomalous Increased Duration Support,185.0,223.11,175,38.110000000000014
Anomalous Split Arrow,12.0,50.0,36,38.0
Anomalous Rain of Arrows,6.0,44.0,23,38.0
Divergent Lightning Tendrils,8.0,46.0,18,38.0
Anomalous Charged Traps Support,12.0,50.0,66,38.0
Anomalous Lancing Steel,10.0,47.8,23,37.8
Anomalous Riposte,8.0,45.8,34,37.8
Anomalous Clarity,10.0,47.2,14,37.2
Anomalous Storm Call,7.4,44.6,8,37.2
Divergent Charged Mines Support,10.0,47.0,25,37.0
Divergent Summon Reaper,8.0,45.0,27,37.0
Divergent Immolate Support,8.0,45.0,35,37.0
Anomalous Elemental Weakness,9.0,46.0,11,37.0
Anomalous Earthbreaker Support,8.0,45.0,23,37.0
Divergent Prismatic Burst Support,7.0,44.0,11,37.0
Divergent Iron Will Support,8.0,45.0,19,37.0
Anomalous Summon Lightning Golem,15.0,52.0,37,37.0
Divergent Bloodlust Support,8.0,45.0,3,37.0
Anomalous Herald of Ash,13.0,49.99,58,36.99
Anomalous Consecrated Path,10.0,46.8,27,36.8
Divergent Purity of Fire,23.4,60.0,15,36.6
Divergent Summon Chaos Golem,4.4,40.8,5,36.4
Divergent Frost Bomb,13.2,49.4,52,36.2
Anomalous Convocation,14.0,50.0,207,36.0
Anomalous Lacerate,9.0,45.0,34,36.0
Divergent Cruelty Support,9.0,45.0,37,36.0
Divergent Herald of Ice,13.8,49.8,40,36.0
Divergent Spell Echo Support,19.0,55.0,31,36.0
Divergent Spectral Throw,14.0,50.0,15,36.0
Divergent Rolling Magma,9.0,45.0,62,36.0
Anomalous Behead Support,9.0,45.0,11,36.0
Anomalous Endurance Charge on Melee Stun Support,15.0,51.0,50,36.0
Anomalous Reave,10.0,45.8,14,35.8
Divergent Snipe,9.2,45.0,12,35.8
Divergent Impale Support,14.2,50.0,33,35.8
Divergent Precision,33.4,69.0,100,35.6
Divergent Cast On Critical Strike Support,10.0,45.6,58,35.6
Divergent Blind Support,9.6,45.2,6,35.6
Divergent Alchemist's Mark,9.8,45.2,8,35.400000000000006
Divergent Wild Strike,8.4,43.8,24,35.4
Divergent Lightning Warp,5.8,41.0,10,35.2
Anomalous Fork Support,10.0,45.0,60,35.0
Divergent Kinetic Blast,10.0,45.0,93,35.0
Anomalous Despair,110.0,145.0,301,35.0
Divergent Tornado Shot,35.0,70.0,171,35.0
Anomalous Combustion Support,10.0,45.0,23,35.0
Divergent Cobra Lash,10.0,45.0,18,35.0
Anomalous Dual Strike,5.0,40.0,29,35.0
Anomalous Perforate,5.0,40.0,29,35.0
Anomalous Enduring Cry,10.0,45.0,69,35.0
Anomalous Lightning Conduit,5.0,40.0,28,35.0
Anomalous Wintertide Brand,5.0,40.0,38,35.0
Divergent Impending Doom Support,10.0,45.0,26,35.0
Divergent Sniper's Mark,10.0,45.0,64,35.0
Divergent Close Combat Support,15.0,50.0,44,35.0
Anomalous Physical to Lightning Support,10.0,45.0,34,35.0
Anomalous Trap Support,9.6,44.6,19,35.0
Divergent Spirit Offering,15.0,50.0,57,35.0
Phantasmal Summon Raging Spirit,10.0,45.0,13,35.0
Phantasmal Prismatic Burst Support,5.0,40.0,11,35.0
Divergent Phase Run,10.0,45.0,40,35.0
Anomalous Spectral Helix,5.0,40.0,17,35.0
Anomalous Poacher's Mark,10.0,45.0,52,35.0
Divergent Flesh Offering,15.0,50.0,148,35.0
Anomalous Divine Blessing Support,10.0,45.0,52,35.0
Divergent Raise Spectre,5.0,40.0,10,35.0
Anomalous Frostblink,10.0,45.0,36,35.0
Anomalous Deadly Ailments Support,10.0,45.0,37,35.0
Divergent Lightning Strike,5.0,40.0,29,35.0
Divergent Mirage Archer Support,15.0,50.0,90,35.0
Anomalous Focused Ballista Support,10.0,45.0,60,35.0
Divergent Protective Link,5.0,40.0,7,35.0
Divergent Cursed Ground Support,5.0,40.0,10,35.0
Anomalous Galvanic Arrow,5.0,40.0,27,35.0
Anomalous Decay Support,5.0,40.0,17,35.0
Anomalous Lightning Penetration Support,5.0,40.0,15,35.0
Anomalous Temporal Chains,14.0,48.8,81,34.8
Divergent Storm Brand,9.2,44.0,14,34.8
Divergent Voltaxic Burst,9.0,43.6,7,34.6
Divergent Decay Support,7.6,42.0,4,34.4
Anomalous Fortify Support,9.6,44.0,40,34.4
Divergent Archmage Support,5.4,39.8,31,34.4
Anomalous Soulrend,5.8,40.0,53,34.2
Anomalous Reap,10.8,45.0,55,34.2
Anomalous Urgent Orders Support,10.0,44.2,55,34.2
Divergent Reave,5.0,39.2,22,34.2
Divergent Ballista Totem Support,15.8,50.0,55,34.2
Anomalous Ancestral Call Support,5.6,39.8,29,34.199999999999996
Anomalous Intensify Support,10.0,44.0,45,34.0
Anomalous Increased Critical Strikes Support,10.0,44.0,44,34.0
Anomalous Reckoning,19.0,53.0,20,34.0
Divergent Animate Guardian,45.0,79.0,113,34.0
Divergent Forbidden Rite,15.0,49.0,36,34.0
Divergent Poacher's Mark,5.0,39.0,32,34.0
Anomalous Frost Bomb,10.0,44.0,59,34.0
Divergent Dual Strike,6.0,40.0,9,34.0
Anomalous Innervate Support,5.0,39.0,12,34.0
Phantasmal Reckoning,10.0,44.0,29,34.0
Anomalous Tectonic Slam,6.0,40.0,10,34.0
Anomalous Unearth,5.0,38.4,29,33.4
Anomalous Summon Ice Golem,15.0,48.4,53,33.4
Phantasmal Reave,16.8,50.0,26,33.2
Anomalous Wild Strike,5.0,38.2,9,33.2
Anomalous Added Lightning Damage Support,8.0,41.0,21,33.0
Divergent Pride,15.0,48.0,63,33.0
Anomalous Lesser Multiple Projectiles Support,10.0,43.0,76,33.0
Divergent Soulrend,5.0,38.0,17,33.0
Anomalous Vulnerability,15.0,48.0,66,33.0
Anomalous Immolate Support,7.0,40.0,29,33.0
Anomalous Orb of Storms,9.0,42.0,29,33.0
Divergent Behead Support,7.0,40.0,12,33.0
Divergent Faster Projectiles Support,10.0,43.0,14,33.0
Phantasmal Flameblast,7.0,40.0,27,33.0
Divergent Scorching Ray,7.0,40.0,18,33.0
Anomalous Sweep,8.0,40.8,12,32.8
Divergent Pyroclast Mine,9.0,41.8,8,32.8
Divergent Overcharge Support,7.4,40.0,18,32.6
Anomalous Elemental Army Support,6.44,39.0,30,32.56
Divergent Earthquake,5.0,37.4,24,32.4
Anomalous Siege Ballista,15.0,47.2,43,32.2
Divergent Punishment,10.0,42.0,40,32.0
Divergent Warlord's Mark,8.0,40.0,36,32.0
Divergent Soul Link,8.0,40.0,26,32.0
Anomalous Herald of Purity,28.0,60.0,98,32.0
Anomalous Glacial Cascade,8.0,40.0,26,32.0
Divergent Spell Cascade Support,8.0,40.0,13,32.0
Anomalous Vicious Projectiles Support,8.0,40.0,27,32.0
Anomalous Pinpoint Support,9.0,41.0,20,32.0
Anomalous Winter Orb,8.0,40.0,6,32.0
Divergent Fire Trap,8.0,40.0,13,32.0
Anomalous Summon Stone Golem,28.0,60.0,114,32.0
Divergent Damage on Full Life Support,5.0,37.0,23,32.0
Phantasmal Infernal Cry,20.0,52.0,21,32.0
Anomalous Advanced Traps Support,8.4,40.0,32,31.6
Divergent Shattering Steel,18.4,50.0,11,31.6
Phantasmal Creeping Frost,8.4,40.0,37,31.6
Divergent Arcanist Brand,8.2,39.8,14,31.599999999999998
Anomalous Critical Strike Affliction Support,8.6,40.0,11,31.4
Anomalous Ruthless Support,8.6,40.0,27,31.4
Anomalous Earthshatter,8.8,40.0,1,31.2
Divergent Viper Strike,8.8,40.0,11,31.2
Anomalous Rage Support,9.92,41.0,55,31.08
Phantasmal Soulrend,59.0,90.0,19,31.0
Divergent Ice Shot,9.0,40.0,23,31.0
Anomalous Withering Touch Support,15.0,46.0,127,31.0
Divergent Concentrated Effect Support,9.0,40.0,18,31.0
Anomalous Dread Banner,29.0,60.0,39,31.0
Divergent Ancestral Cry,9.0,40.0,55,31.0
Divergent Herald of Purity,9.0,40.0,19,31.0
Anomalous Chain Hook,5.0,36.0,4,31.0
Divergent Blasphemy Support,19.0,50.0,21,31.0
Phantasmal Perforate,15.0,46.0,8,31.0
Divergent Vampiric Link,5.0,36.0,4,31.0
Divergent Storm Burst,12.0,43.0,11,31.0
Phantasmal Wild Strike,9.0,40.0,10,31.0
Divergent Dark Pact,9.18,40.0,22,30.82
Anomalous Steelskin,19.2,50.0,85,30.8
Anomalous Sunder,9.0,39.8,34,30.799999999999997
Divergent Unearth,5.86,36.6,47,30.740000000000002
Divergent Slower Projectiles Support,9.3,40.0,7,30.7
Divergent Caustic Arrow,8.4,39.0,19,30.6
Divergent Storm Call,10.0,40.4,24,30.4
Anomalous Raise Zombie,9.6,40.0,37,30.4
Anomalous Elemental Damage with Attacks Support,9.6,40.0,37,30.4
Anomalous Viper Strike,9.8,40.0,18,30.2
Anomalous Leap Slam,9.8,40.0,11,30.2
Divergent Explosive Concoction,5.8,36.0,15,30.2
Divergent Cast on Melee Kill Support,9.8,40.0,16,30.2
Anomalous Arrow Nova Support,9.8,40.0,7,30.2
Anomalous Blind Support,9.96,40.0,30,30.04
Anomalous Tornado Shot,90.0,120.0,115,30.0
Divergent Increased Critical Damage Support,10.0,40.0,28,30.0
Divergent Desecrate,10.0,40.0,61,30.0
Phantasmal Lightning Warp,35.0,65.0,51,30.0
Anomalous Righteous Fire,10.0,40.0,25,30.0
Anomalous Bear Trap,10.0,40.0,33,30.0
Anomalous Flesh and Stone,15.0,45.0,116,30.0
Divergent Rejuvenation Totem,10.0,40.0,46,30.0
Phantasmal Spark,30.0,60.0,69,30.0
Anomalous Trinity Support,10.0,40.0,51,30.0
Divergent Infernal Legion Support,10.0,40.0,26,30.0
Divergent Ball Lightning,20.0,50.0,37,30.0
Divergent Frostbite,10.0,40.0,50,30.0
Divergent Hypothermia Support,100.0,130.0,135,30.0
Divergent Fortify Support,10.0,40.0,47,30.0
Anomalous Arctic Armour,10.0,40.0,103,30.0
Anomalous Desecrate,10.0,40.0,16,30.0
Divergent Blade Trap,10.0,40.0,36,30.0
Anomalous Burning Arrow,30.0,60.0,115,30.0
Divergent Incinerate,10.0,40.0,18,30.0
Anomalous Unbound Ailments Support,10.0,40.0,41,30.0
Anomalous Prismatic Burst Support,8.0,38.0,35,30.0
Phantasmal Crackling Lance,10.0,40.0,14,30.0
Anomalous Swiftbrand Support,10.0,40.0,16,30.0
Anomalous War Banner,45.0,75.0,108,30.0
Divergent Intensify Support,10.0,40.0,26,30.0
Anomalous Predator Support,15.0,45.0,64,30.0
Divergent Generosity Support,10.0,40.0,31,30.0
Divergent Hexblast,10.0,40.0,48,30.0
Anomalous Berserk,10.0,40.0,69,30.0
Anomalous Ballista Totem Support,10.0,40.0,77,30.0
Divergent Dread Banner,10.0,40.0,95,30.0
Divergent Convocation,20.0,50.0,4,30.0
Divergent Increased Area of Effect Support,15.0,45.0,50,30.0
Anomalous Flame Surge,25.0,55.0,49,30.0
Anomalous Pulverise Support,10.0,40.0,40,30.0
Divergent Purifying Flame,20.0,50.0,79,30.0
Divergent Focused Ballista Support,10.0,40.0,38,30.0
Divergent Life Gain on Hit Support,60.0,90.0,60,30.0
Anomalous Unleash Support,10.0,40.0,23,30.0
Anomalous Summon Flame Golem,10.0,40.0,45,30.0
Phantasmal Seismic Cry,6.04,36.0,10,29.96
Anomalous Slower Projectiles Support,7.0,36.8,71,29.799999999999997
Anomalous Conductivity,14.6,44.4,55,29.799999999999997
Anomalous Point Blank Support,5.0,34.8,7,29.799999999999997
Anomalous Chain Support,8.4,38.0,18,29.6
Phantasmal Ice Nova,5.4,35.0,19,29.6
Anomalous Infused Channelling Support,15.0,44.4,93,29.4
Divergent Lancing Steel,5.6,35.0,9,29.4
Divergent Frost Shield,20.0,49.2,72,29.200000000000003
Anomalous Brutality Support,9.0,38.2,17,29.200000000000003
Divergent Molten Shell,10.0,39.0,21,29.0
Anomalous Hypothermia Support,20.0,49.0,97,29.0
Anomalous Static Strike,5.0,34.0,51,29.0
Divergent Petrified Blood,6.0,35.0,58,29.0
Divergent Puncture,9.0,38.0,6,29.0
Divergent Earthbreaker Support,10.0,39.0,7,29.0
Anomalous Alchemist's Mark,5.0,34.0,15,29.0
Divergent Summon Ice Golem,8.0,37.0,31,29.0
Anomalous Multistrike Support,10.0,38.8,31,28.799999999999997
Phantasmal Static Strike,10.0,38.8,31,28.799999999999997
Phantasmal Lancing Steel,5.0,33.8,10,28.799999999999997
Divergent Multiple Traps Support,15.0,43.6,139,28.6
Anomalous Ice Shot,21.6,50.0,152,28.4
Anomalous Seismic Cry,6.6,35.0,44,28.4
Anomalous Chance to Flee Support,5.6,34.0,21,28.4
Divergent Summon Holy Relic,10.0,38.2,55,28.200000000000003
Divergent Lightning Trap,11.6,39.8,8,28.199999999999996
Divergent Malevolence,20.0,48.0,186,28.0
Phantasmal Fireball,10.0,38.0,2,28.0
Anomalous Detonate Dead,12.0,40.0,40,28.0
Divergent Purity of Ice,60.0,88.0,20,28.0
Divergent Elemental Hit,10.0,38.0,15,28.0
Anomalous Rolling Magma,8.0,36.0,24,28.0
Divergent Reap,5.0,33.0,21,28.0
Divergent Defiance Banner,15.0,43.0,38,28.0
Anomalous Elemental Proliferation Support,7.0,35.0,14,28.0
Divergent Energy Blade,7.0,35.0,17,28.0
Divergent Feeding Frenzy Support,10.0,37.6,32,27.6
Anomalous Divine Ire,7.4,35.0,19,27.6
Anomalous Knockback Support,5.4,33.0,7,27.6
Divergent Hextouch Support,4.59,32.0,25,27.41
Divergent Flame Surge,5.0,32.2,28,27.200000000000003
Anomalous Overcharge Support,13.0,40.0,74,27.0
Divergent Frostbolt,7.0,34.0,30,27.0
Anomalous Battlemage's Cry,8.0,35.0,21,27.0
Divergent Vengeance,5.0,32.0,20,27.0
Anomalous Firestorm,8.0,35.0,15,27.0
Anomalous Life Gain on Hit Support,8.0,35.0,18,27.0
Anomalous Infernal Legion Support,9.0,36.0,18,27.0
Anomalous Cast while Channelling Support,9.0,35.8,46,26.799999999999997
Divergent Void Manipulation Support,865.67,892.44,73,26.770000000000095
Divergent Rage Support,200.8,227.57,31,26.769999999999982
Divergent Toxic Rain,5.0,31.6,21,26.6
Divergent Flammability,8.6,35.0,34,26.4
Divergent Frost Blades,8.0,34.2,47,26.200000000000003
Anomalous Rejuvenation Totem,8.8,35.0,38,26.2
Divergent Spell Totem Support,8.8,35.0,27,26.2
Anomalous Bane,5.0,31.2,19,26.2
Anomalous Withering Step,40.0,66.0,313,26.0
Divergent Exsanguinate,14.0,40.0,32,26.0
Anomalous Mirror Arrow,6.0,32.0,7,26.0
Anomalous Herald of Thunder,9.0,35.0,37,26.0
Divergent Explosive Arrow,10.0,36.0,6,26.0
Anomalous Minefield Support,5.0,31.0,19,26.0
Divergent Riposte,9.0,35.0,21,26.0
Divergent Maim Support,9.0,35.0,24,26.0
Anomalous Impale Support,9.2,35.0,78,25.8
Divergent Shield Crush,24.4,50.0,49,25.6
Divergent Berserk,24.4,50.0,59,25.6
Anomalous Ambush,4.6,30.0,39,25.4
Divergent Frostblink,34.8,60.0,99,25.200000000000003
Divergent Chance to Poison Support,9.0,34.2,26,25.200000000000003
Divergent Lesser Multiple Projectiles Support,8.0,33.2,21,25.200000000000003
Divergent General's Cry,5.0,30.2,7,25.2
Divergent Siphoning Trap,4.8,30.0,10,25.2
Anomalous Item Rarity Support,10.0,35.0,44,25.0
Anomalous Zealotry,25.0,50.0,97,25.0
Anomalous Ice Trap,15.0,40.0,48,25.0
Phantasmal Bladestorm,10.0,35.0,3,25.0
Phantasmal Molten Strike,18.0,43.0,107,25.0
Divergent Chain Support,8.6,33.6,32,25.0
Anomalous Whirling Blades,5.0,30.0,17,25.0
Anomalous Immortal Call,15.0,40.0,145,25.0
Anomalous Swift Assembly Support,5.0,30.0,16,25.0
Divergent Intimidating Cry,5.0,30.0,25,25.0
Anomalous Creeping Frost,5.0,30.0,20,25.0
Divergent Faster Casting Support,5.0,30.0,22,25.0
Anomalous Chance to Poison Support,25.0,50.0,103,25.0
Phantasmal Vigilant Strike,8.0,33.0,5,25.0
Anomalous Assassin's Mark,40.0,65.0,174,25.0
Anomalous Summon Skitterbots,10.0,35.0,131,25.0
Divergent Endurance Charge on Melee Stun Support,9.0,34.0,15,25.0
Divergent Corrupting Fever,10.0,35.0,29,25.0
Divergent Additional Accuracy Support,25.0,50.0,77,25.0
Divergent Temporal Chains,15.0,40.0,185,25.0
Divergent Added Cold Damage Support,8.0,33.0,44,25.0
Anomalous Contagion,5.0,30.0,22,25.0
Phantasmal Holy Flame Totem,5.0,30.0,21,25.0
Anomalous Spellslinger,5.0,30.0,65,25.0
Divergent Cremation,5.0,30.0,15,25.0
Phantasmal Intimidating Cry,5.0,30.0,22,25.0
Divergent Wintertide Brand,5.0,30.0,7,25.0
Anomalous Soul Link,5.0,30.0,16,25.0
Divergent Flamethrower Trap,5.0,30.0,22,25.0
Anomalous Blight,5.0,30.0,22,25.0
Divergent Faster Attacks Support,5.0,30.0,27,25.0
Divergent Lacerate,5.0,30.0,28,25.0
Divergent Nightblade Support,5.0,30.0,25,25.0
Divergent Ice Nova,5.2,30.0,26,24.8
Anomalous Spark,9.79,34.4,53,24.61
Anomalous Purity of Fire,5.0,29.6,30,24.6
Divergent Greater Volley Support,14.4,39.0,72,24.6
Anomalous Cremation,5.0,29.6,21,24.6
Anomalous Conversion Trap,5.4,30.0,12,24.6
Anomalous Less Duration Support,9.0,33.2,23,24.200000000000003
Divergent Efficacy Support,15.0,39.2,140,24.200000000000003
Anomalous Fire Penetration Support,5.0,29.2,24,24.2
Anomalous Shattering Steel,5.0,29.2,64,24.2
Anomalous Summon Raging Spirit,5.92,30.0,27,24.08
Anomalous Maim Support,14.0,38.0,57,24.0
Anomalous Petrified Blood,90.0,114.0,289,24.0
Anomalous Heavy Strike,5.0,29.0,6,24.0
Divergent Ice Bite Support,10.0,34.0,30,24.0
Divergent Icicle Mine,6.0,30.0,21,24.0
Divergent Cleave,6.2,30.0,10,23.8
Phantasmal Pestilent Strike,5.4,29.0,5,23.6
Divergent Frozen Legion,9.59,33.0,42,23.41
Divergent Storm Rain,9.0,32.4,16,23.4
Divergent Spellslinger,6.8,30.0,11,23.2
Anomalous Crackling Lance,19.8,43.0,5,23.2
Divergent Sigil of Power,8.0,31.2,20,23.2
Divergent Smoke Mine,9.8,33.0,9,23.2
Divergent High-Impact Mine Support,6.8,30.0,35,23.2
Anomalous Minion Damage Support,6.8,30.0,35,23.2
Phantasmal Ancestral Protector,200.0,223.11,117,23.110000000000014
Divergent Sunder,5.0,28.0,17,23.0
Anomalous Temporal Rift,15.0,38.0,166,23.0
Phantasmal Cyclone,8.8,31.8,28,23.0
Anomalous Ice Crash,5.0,28.0,5,23.0
Anomalous Blazing Salvo,9.0,32.0,46,23.0
Anomalous Hydrosphere,6.0,29.0,20,23.0
Phantasmal Void Sphere,7.0,30.0,60,23.0
Divergent Added Fire Damage Support,7.0,30.0,21,23.0
Divergent Frost Wall,7.0,30.0,12,23.0
Anomalous Glacial Hammer,6.2,29.0,19,22.8
Phantasmal Wave of Conviction,14.0,36.8,14,22.799999999999997
Anomalous Corrupting Fever,12.4,35.0,23,22.6
Anomalous Frost Blades,15.0,37.4,51,22.4
Anomalous Bladefall,5.0,27.4,15,22.4
Anomalous Bloodlust Support,5.0,27.4,20,22.4
Divergent Tempest Shield,870.13,892.44,55,22.31000000000006
Phantasmal Leap Slam,312.35,334.66,47,22.310000000000002
Divergent Blink Arrow,7.8,30.0,12,22.2
Divergent Vulnerability,8.0,30.0,40,22.0
Divergent Winter Orb,10.0,32.0,40,22.0
Phantasmal Arcanist Brand,5.0,27.0,13,22.0
Anomalous Shockwave Totem,10.0,32.0,49,22.0
Divergent Vicious Projectiles Support,8.0,30.0,22,22.0
Divergent Shield Charge,8.0,30.0,23,22.0
Divergent Pestilent Strike,8.0,30.0,35,22.0
Anomalous Energy Leech Support,8.0,30.0,41,22.0
Anomalous Blasphemy Support,8.0,30.0,12,22.0
Anomalous Summon Phantasm Support,8.0,30.0,37,22.0
Divergent Clarity,18.13,40.0,51,21.87
Anomalous Purifying Flame,13.4,35.2,11,21.800000000000004
Divergent Bone Offering,48.2,70.0,183,21.799999999999997
Phantasmal Vortex,8.4,30.0,12,21.6
Divergent Hex Bloom Support,8.4,30.0,21,21.6
Anomalous Void Manipulation Support,8.2,29.8,72,21.6
Divergent Barrage Support,8.2,29.8,52,21.6
Divergent Summon Phantasm Support,7.2,28.8,34,21.6
Divergent Lightning Spire Trap,7.4,29.0,32,21.6
Divergent Splitting Steel,8.73,30.0,36,21.27
Anomalous Sniper's Mark,10.0,31.2,21,21.2
Divergent Glacial Hammer,5.0,26.2,14,21.2
Anomalous Bloodthirst Support,8.0,29.2,35,21.2
Anomalous Charged Mines Support,8.0,29.2,27,21.2
Divergent Infernal Cry,7.0,28.2,35,21.2
Phantasmal Blade Vortex,7.4,28.4,16,21.0
Divergent Ground Slam,9.0,30.0,7,21.0
Anomalous Siphoning Trap,9.0,30.0,42,21.0
Phantasmal Ice Spear,19.0,40.0,50,21.0
Anomalous Purity of Lightning,9.0,30.0,37,21.0
Anomalous Plague Bearer,9.0,30.0,60,21.0
Anomalous Meat Shield Support,9.0,30.0,74,21.0
Anomalous Cast on Melee Kill Support,9.0,30.0,10,21.0
Anomalous Poisonous Concoction,5.0,26.0,16,21.0
Divergent Arrogance Support,9.0,30.0,58,21.0
Phantasmal Ancestral Warchief,9.0,30.0,65,21.0
Divergent Increased Duration Support,9.0,30.0,36,21.0
Anomalous Hexblast,9.2,30.0,39,20.8
Divergent Chain Hook,9.2,30.0,37,20.8
Divergent Minion Life Support,5.0,25.8,32,20.8
Divergent Rage Vortex,5.0,25.8,27,20.8
Divergent Blade Vortex,5.0,25.6,42,20.6
Phantasmal Frenzy,9.4,30.0,34,20.6
Divergent Life Leech Support,9.6,30.0,17,20.4
Divergent Cast when Stunned Support,9.79,30.0,19,20.21
Anomalous General's Cry,5.0,25.2,8,20.2
Anomalous Trap and Mine Damage Support,9.8,30.0,89,20.2
Anomalous Volatile Dead,7.0,27.2,35,20.2
Anomalous Flicker Strike,9.99,30.0,38,20.009999999999998
Divergent Added Chaos Damage Support,9.99,30.0,15,20.009999999999998
Phantasmal Summon Skeletons,10.0,30.0,24,20.0
Divergent Swiftbrand Support,10.0,30.0,19,20.0
Anomalous Purity of Elements,90.0,110.0,170,20.0
Anomalous Tempest Shield,10.0,30.0,47,20.0
Divergent Orb of Storms,5.0,25.0,54,20.0
Divergent Shockwave Support,20.0,40.0,33,20.0
Anomalous Venom Gyre,10.0,30.0,61,20.0
Anomalous Tornado,8.8,28.8,32,20.0
Divergent Vitality,40.0,60.0,84,20.0
Divergent Multistrike Support,130.0,150.0,269,20.0
Anomalous Galvanic Field,5.0,25.0,11,20.0
Divergent Burning Damage Support,10.0,30.0,21,20.0
Divergent Tornado,10.0,30.0,45,20.0
Divergent Melee Splash Support,100.0,120.0,229,20.0
Divergent Detonate Dead,9.0,29.0,41,20.0
Divergent Chance to Bleed Support,25.0,45.0,54,20.0
Anomalous Warlord's Mark,10.0,30.0,62,20.0
Divergent Leap Slam,9.0,29.0,33,20.0
Divergent Lifetap Support,20.0,40.0,41,20.0
Divergent Volley Support,10.0,30.0,30,20.0
Elemental Penetration Support,80.0,100.0,118,20.0
Divergent Siege Ballista,8.0,28.0,14,20.0
Divergent Minion Speed Support,30.0,50.0,117,20.0
Divergent Bear Trap,5.0,25.0,9,20.0
Faster Casting Support,5.0,25.0,246,20.0
Anomalous Summon Chaos Golem,10.0,30.0,45,20.0
Anomalous Controlled Destruction Support,10.0,29.8,35,19.8
Anomalous Ancestral Protector,9.2,29.0,43,19.8
Phantasmal Seismic Trap,10.0,29.6,22,19.6
Anomalous Spell Cascade Support,5.0,24.6,32,19.6
Divergent Pinpoint Support,5.0,24.6,11,19.6
Anomalous Mark On Hit Support,14.0,33.2,72,19.200000000000003
Anomalous Pyroclast Mine,8.0,27.0,17,19.0
Divergent Arcane Cloak,40.0,59.0,59,19.0
Anomalous Ball Lightning,6.0,25.0,30,19.0
Anomalous Bladestorm,5.0,24.0,18,19.0
Anomalous Intimidating Cry,7.0,26.0,22,19.0
Anomalous Flame Link,5.0,24.0,3,19.0
Divergent Withering Touch Support,42.0,60.6,181,18.6
Anomalous Purity of Ice,5.6,24.0,19,18.4
Frostbolt,3.0,21.2,80,18.2
Divergent Unbound Ailments Support,7.0,25.0,36,18.0
Anomalous Icicle Mine,8.0,26.0,53,18.0
Divergent Melee Physical Damage Support,5.0,23.0,28,18.0
Phantasmal Shrapnel Ballista,5.0,23.0,23,18.0
Divergent Power Siphon,5.0,23.0,34,18.0
Divergent Split Arrow,6.07,24.0,21,17.93
Divergent Summon Skeletons,9.2,27.0,32,17.8
Anomalous Cold Penetration Support,7.2,25.0,18,17.8
Puncture,2.2,20.0,68,17.8
Anomalous Elemental Hit,7.0,24.6,9,17.6
Anomalous Artillery Ballista,5.0,22.4,21,17.4
Frenzy,5.0,22.4,270,17.4
Battlemage's Cry,2.0,19.4,69,17.4
Anomalous Storm Burst,7.8,25.0,28,17.2
Anomalous Cast On Critical Strike Support,17.8,35.0,44,17.2
Divergent Arcane Surge Support,18.0,35.0,62,17.0
Divergent Added Lightning Damage Support,5.0,22.0,13,17.0
Divergent Multiple Totems Support,18.0,35.0,53,17.0
Anomalous Elemental Focus Support,8.0,25.0,52,17.0
Anomalous Armageddon Brand,5.0,22.0,25,17.0
Divergent Brutality Support,8.0,25.0,36,17.0
Anomalous Burning Damage Support,7.0,24.0,34,17.0
Freezing Pulse,3.0,20.0,239,17.0
Temporal Chains,3.0,20.0,174,17.0
Barrage,3.0,20.0,126,17.0
Enfeeble,3.0,20.0,209,17.0
Frostbite,3.0,20.0,132,17.0
Life Gain on Hit Support,3.0,20.0,33,17.0
Blast Rain,3.0,20.0,51,17.0
Predator Support,3.0,20.0,102,17.0
Lightning Warp,3.0,20.0,46,17.0
Blink Arrow,3.0,20.0,178,17.0
Convocation,3.0,20.0,194,17.0
Galvanic Arrow,3.0,20.0,54,17.0
Sigil of Power,3.0,20.0,57,17.0
Hydrosphere,3.0,20.0,84,17.0
General's Cry,2.0,19.0,39,17.0
Divergent Momentum Support,6.0,22.8,14,16.8
Anomalous Spectral Throw,5.0,21.8,25,16.8
Anomalous Summon Holy Relic,8.0,24.6,12,16.6
Herald of Agony,5.0,21.6,719,16.6
Divergent Vigilant Strike,6.8,23.4,4,16.599999999999998
Slower Projectiles Support,3.0,19.4,57,16.4
Anomalous Blade Trap,9.4,25.6,11,16.200000000000003
Anomalous Frostbite,39.0,55.0,103,16.0
Anomalous Summon Reaper,8.0,24.0,14,16.0
Phantasmal Galvanic Field,10.0,26.0,10,16.0
Anomalous Additional Accuracy Support,5.0,21.0,49,16.0
Anomalous Spell Echo Support,29.0,45.0,204,16.0
Plague Bearer,4.0,20.0,252,16.0
Wrath,4.0,20.0,82,16.0
Infused Channelling Support,4.0,20.0,96,16.0
Swift Assembly Support,3.0,19.0,93,16.0
Maim Support,4.0,20.0,119,16.0
Whirling Blades,4.0,20.0,145,16.0
Chain Support,4.0,20.0,320,16.0
Dash,4.0,20.0,215,16.0
Eternal Blessing Support,4.0,20.0,121,16.0
Dread Banner,3.0,19.0,192,16.0
Enduring Cry,4.0,20.0,106,16.0
Faster Projectiles Support,3.0,19.0,93,16.0
Spectral Shield Throw,4.0,20.0,80,16.0
Cursed Ground Support,4.0,20.0,39,16.0
Anomalous Spirit Offering,8.2,24.0,33,15.8
Phantasmal Blade Blast,5.0,20.8,29,15.8
Phantasmal Ice Crash,6.6,22.4,14,15.799999999999999
Anomalous Vigilant Strike,5.0,20.6,5,15.600000000000001
Splitting Steel,3.0,18.6,76,15.600000000000001
Anomalous Vortex,9.4,25.0,16,15.6
Anomalous Molten Strike,9.4,25.0,25,15.6
Divergent Holy Flame Totem,9.49,25.0,19,15.51
Divergent Perforate,4.6,20.0,4,15.4
Phantasmal Scourge Arrow,9.6,25.0,33,15.4
Divergent Temporal Rift,7.0,22.4,48,15.399999999999999
Cast On Critical Strike Support,5.0,20.4,110,15.399999999999999
Divergent Cold Snap,8.8,24.0,28,15.2
Second Wind Support,5.0,20.2,146,15.2
Anomalous Flammability,25.0,40.0,103,15.0
Caustic Arrow,5.0,20.0,256,15.0
Blade Vortex,5.0,20.0,463,15.0
Ice Shot,5.0,20.0,431,15.0
Anomalous Dark Pact,5.0,20.0,33,15.0
Divergent Manabond,5.0,20.0,16,15.0
Anomalous Added Chaos Damage Support,7.0,22.0,24,15.0
Phantasmal Pyroclast Mine,5.0,20.0,6,15.0
Divergent Flesh and Stone,7.0,22.0,46,15.0
Anomalous Wave of Conviction,10.0,25.0,29,15.0
Anomalous Discharge,5.0,20.0,69,15.0
Anomalous Bone Offering,5.0,20.0,39,15.0
Divergent Spectral Helix,5.0,20.0,43,15.0
Divergent Wave of Conviction,10.0,25.0,34,15.0
Anomalous Faster Projectiles Support,35.0,50.0,168,15.0
Anomalous Boneshatter,9.0,24.0,110,15.0
Anomalous Shield Crush,5.0,20.0,18,15.0
Anomalous Essence Drain,5.0,20.0,26,15.0
Anomalous Life Leech Support,5.0,20.0,39,15.0
Flicker Strike,3.0,18.0,66,15.0
Cyclone,4.0,19.0,227,15.0
Divergent Charged Dash,5.0,20.0,79,15.0
Anomalous Explosive Arrow,5.0,20.0,28,15.0
Anomalous Wither,5.0,20.0,34,15.0
Despair,5.0,20.0,574,15.0
Cast when Stunned Support,5.0,20.0,201,15.0
Steelskin,5.0,20.0,239,15.0
Phase Run,5.0,20.0,211,15.0
Meat Shield Support,5.0,20.0,265,15.0
Bonechill Support,5.0,20.0,422,15.0
Withering Touch Support,5.0,20.0,186,15.0
Barrage Support,5.0,20.0,180,15.0
Fork Support,5.0,20.0,169,15.0
Charged Traps Support,5.0,20.0,139,15.0
Arctic Armour,3.0,18.0,205,15.0
Cluster Traps Support,5.0,20.0,180,15.0
Pulverise Support,4.0,19.0,77,15.0
Assassin's Mark,5.0,20.0,395,15.0
Shield Charge,5.0,20.0,284,15.0
Anomalous Summon Carrion Golem,10.0,25.0,52,15.0
Generosity Support,4.0,19.0,274,15.0
Frostblink,4.0,19.0,155,15.0
Elemental Army Support,3.0,18.0,120,15.0
Eye of Winter,3.0,18.0,94,15.0
Divergent Summon Stone Golem,7.0,22.0,19,15.0
Divergent Summon Lightning Golem,5.0,20.0,17,15.0
Ancestral Protector,5.0,20.0,217,15.0
Blasphemy Support,4.0,19.0,151,15.0
Spell Totem Support,3.0,18.0,168,15.0
Arcanist Brand,5.0,20.0,268,15.0
Tornado,3.0,18.0,123,15.0
Overcharge Support,3.0,17.8,127,14.8
Purity of Lightning,3.0,17.6,160,14.600000000000001
Cruelty Support,5.0,19.54,171,14.54
Divergent Controlled Destruction Support,5.6,20.0,37,14.4
Phantasmal Rain of Arrows,5.8,20.0,41,14.2
Anomalous Decoy Totem,5.8,20.0,13,14.2
Herald of Ash,5.0,19.2,166,14.2
Frost Blades,3.3,17.4,93,14.099999999999998
Discipline,5.0,19.0,362,14.0
Divergent Less Duration Support,10.0,24.0,5,14.0
Anomalous Fire Trap,6.0,20.0,28,14.0
Anomalous Pride,10.0,24.0,70,14.0
Blood Rage,6.0,20.0,458,14.0
Divergent Lightning Penetration Support,6.0,20.0,11,14.0
Increased Area of Effect Support,6.0,20.0,278,14.0
Rage Support,3.0,17.0,134,14.0
Burning Arrow,4.0,18.0,178,14.0
Desecrate,4.0,18.0,136,14.0
Divergent War Banner,6.04,20.0,28,13.96
Anomalous Arcane Cloak,6.06,20.0,43,13.940000000000001
Divergent Summon Carrion Golem,5.0,18.92,18,13.920000000000002
Divergent Blade Flurry,8.0,21.8,5,13.8
Chance to Flee Support,2.0,15.8,9,13.8
Divergent Absolution,6.26,20.0,30,13.74
Vengeance,3.0,16.6,29,13.600000000000001
Anomalous Cobra Lash,6.6,20.0,18,13.4
Manabond,3.0,16.4,54,13.399999999999999
Divergent Sweep,6.8,20.0,12,13.2
Anomalous Animate Weapon,5.0,18.0,27,13.0
Divergent Bladefall,6.0,19.0,9,13.0
Phantasmal Rallying Cry,7.0,20.0,17,13.0
Tempest Shield,5.0,18.0,250,13.0
Petrified Blood,5.0,18.0,436,13.0
Mark On Hit Support,10.0,23.0,350,13.0
Multiple Traps Support,7.0,20.0,370,13.0
Pinpoint Support,3.0,16.0,88,13.0
Feeding Frenzy Support,4.0,17.0,255,13.0
Spell Cascade Support,5.0,18.0,439,13.0
Clarity,5.0,18.0,171,13.0
Energy Blade,3.0,16.0,109,13.0
Blastchain Mine Support,2.0,15.0,71,13.0
Temporal Rift,2.0,15.0,82,13.0
Hatred,7.6,20.0,190,12.4
Divergent Despair,7.8,20.0,27,12.2
Concentrated Effect Support,5.0,17.2,310,12.2
Anomalous Added Fire Damage Support,5.0,17.0,9,12.0
Reap,3.0,15.0,267,12.0
Righteous Fire,5.0,17.0,946,12.0
Anomalous Fireball,8.0,20.0,43,12.0
Divergent Cold Penetration Support,10.0,22.0,6,12.0
Divergent Conductivity,8.0,20.0,31,12.0
Anomalous Impending Doom Support,8.0,20.0,38,12.0
Trap Support,8.0,20.0,287,12.0
Divine Blessing Support,8.0,20.0,457,12.0
Purity of Ice,3.0,15.0,79,12.0
Increased Duration Support,10.0,22.0,528,12.0
Herald of Thunder,5.0,17.0,108,12.0
Multiple Totems Support,8.0,20.0,359,12.0
Precision,8.0,20.0,326,12.0
Creeping Frost,3.0,15.0,243,12.0
Zealotry,3.0,15.0,255,12.0
Withering Step,3.0,15.0,243,12.0
Charged Mines Support,3.0,15.0,209,12.0
Storm Brand,3.0,15.0,45,12.0
Ensnaring Arrow,3.0,15.0,490,12.0
Hextouch Support,3.0,15.0,78,12.0
Behead Support,3.0,15.0,75,12.0
Volley Support,3.0,15.0,95,12.0
Lesser Multiple Projectiles Support,3.0,15.0,124,12.0
Bone Offering,2.0,14.0,227,12.0
Scourge Arrow,3.0,15.0,222,12.0
Archmage Support,3.0,15.0,38,12.0
Infernal Cry,3.0,15.0,222,12.0
Swiftbrand Support,3.0,15.0,26,12.0
Leap Slam,3.0,15.0,119,12.0
Frost Bomb,3.0,15.0,121,12.0
Lightning Arrow,8.2,20.0,652,11.8
Anomalous Dominating Blow,5.0,16.8,39,11.8
Advanced Traps Support,3.0,14.8,28,11.8
Snipe,3.0,14.8,44,11.8
Divergent Summon Flame Golem,7.6,19.4,7,11.799999999999999
Haste,8.0,19.6,460,11.600000000000001
Rejuvenation Totem,3.0,14.6,153,11.6
Forbidden Rite,3.0,14.6,103,11.6
Storm Rain,3.0,14.6,49,11.6
Anomalous Blink Arrow,8.6,20.0,6,11.4
Anomalous Swift Affliction Support,6.6,18.0,34,11.4
Fortify Support,5.0,16.4,204,11.399999999999999
Anomalous Seismic Trap,5.8,17.0,13,11.2
Purity of Elements,8.8,20.0,121,11.2
Arc,4.0,15.0,184,11.0
Firestorm,4.0,15.0,56,11.0
Divergent Ice Trap,9.0,20.0,47,11.0
Phantasmal Shockwave Totem,5.0,16.0,10,11.0
Phantasmal Infernal Blow,5.0,16.0,9,11.0
Phantasmal Lightning Strike,9.0,20.0,26,11.0
Phantasmal Stormbind,6.2,17.2,9,11.0
Anomalous Close Combat Support,9.0,20.0,57,11.0
Punishment,5.0,16.0,239,11.0
Less Duration Support,9.0,20.0,182,11.0
Impale Support,5.0,16.0,130,11.0
Inspiration Support,13.0,24.0,689,11.0
Summon Skitterbots,4.0,15.0,368,11.0
Arcane Surge Support,9.0,20.0,196,11.0
Culling Strike Support,9.0,20.0,205,11.0
Minion Life Support,5.0,16.0,296,11.0
Kinetic Blast,3.0,14.0,122,11.0
Unleash Support,4.0,15.0,240,11.0
Endurance Charge on Melee Stun Support,3.0,14.0,21,11.0
Frost Shield,3.0,14.0,86,11.0
Siphoning Trap,2.0,13.0,32,11.0
Bear Trap,3.4,14.2,37,10.799999999999999
Divergent Armageddon Brand,8.2,18.8,10,10.600000000000001
Anomalous Lightning Spire Trap,6.6,17.2,12,10.6
Ice Nova,3.0,13.4,89,10.4
Divergent Smite,9.6,20.0,25,10.4
Decoy Totem,2.6,13.0,85,10.4
Infernal Legion Support,3.0,13.4,61,10.4
Ice Spear,5.8,16.2,197,10.399999999999999
Grace,9.8,20.0,210,10.2
Energy Leech Support,4.8,15.0,124,10.2
Vitality,7.9,18.0,170,10.1
Divergent Shock Nova,6.6,16.6,24,10.000000000000002
Anomalous Inspiration Support,100.0,110.0,290,10.0
Summon Skeletons,9.0,19.0,406,10.0
Fireball,4.0,14.0,53,10.0
Divergent Animate Weapon,10.0,20.0,38,10.0
Phantasmal Shattering Steel,5.0,15.0,28,10.0
Anomalous Rage Vortex,10.0,20.0,35,10.0
Anomalous Frozen Legion,10.0,20.0,31,10.0
Anomalous Explosive Trap,5.0,15.0,37,10.0
Anomalous Penance Brand,5.0,15.0,32,10.0
Anomalous Ground Slam,5.0,15.0,21,10.0
Divergent Mana Leech Support,9.0,19.0,22,10.0
Item Rarity Support,5.0,15.0,289,10.0
Herald of Purity,5.0,15.0,204,10.0
Greater Multiple Projectiles Support,10.0,20.0,651,10.0
Pierce Support,5.0,15.0,155,10.0
Cold to Fire Support,4.0,14.0,112,10.0
Cast when Damage Taken Support,10.0,20.0,520,10.0
Power Charge On Critical Support,10.0,20.0,351,10.0
Anger,5.0,15.0,129,10.0
Damage on Full Life Support,4.0,14.0,198,10.0
Faster Attacks Support,10.0,20.0,489,10.0
Greater Volley Support,5.0,15.0,105,10.0
Flame Dash,10.0,20.0,303,10.0
Divergent Intuitive Link,5.0,15.0,3,10.0
War Banner,3.0,13.0,164,10.0
Minion Speed Support,3.0,13.0,125,10.0
Spellslinger,2.0,12.0,60,10.0
Flame Surge,3.0,12.99,63,9.99
Soul Link,4.4,14.0,151,9.6
Flesh Offering,3.0,12.6,206,9.6
Absolution,3.0,12.4,140,9.4
Ice Bite Support,5.0,14.36,178,9.36
Divergent Conversion Trap,6.8,16.0,8,9.2
Divergent Fire Penetration Support,10.0,19.2,8,9.2
Purity of Fire,4.0,13.0,74,9.0
Determination,10.0,19.0,276,9.0
Anomalous Rallying Cry,8.0,17.0,22,9.0
Ethereal Knives,3.0,12.0,109,9.0
Vortex,4.0,13.0,193,9.0
Ignite Proliferation Support,4.0,13.0,234,9.0
Pride,3.0,12.0,148,9.0
Immortal Call,9.0,18.0,246,9.0
Unbound Ailments Support,5.0,14.0,852,9.0
Intensify Support,3.0,12.0,52,9.0
Double Strike,3.0,12.0,32,9.0
Arrow Nova Support,3.0,12.0,18,9.0
Anomalous Blade Flurry,5.0,13.6,18,8.6
Phantasmal Dual Strike,10.0,18.4,4,8.399999999999999
Blind Support,3.0,11.2,106,8.2
Lightning Strike,2.0,10.0,108,8.0
Animate Weapon,2.0,10.0,104,8.0
Blade Flurry,2.0,10.0,49,8.0
Anomalous Protective Link,4.0,12.0,3,8.0
Hypothermia Support,7.0,15.0,370,8.0
Berserk,7.0,15.0,354,8.0
Minefield Support,4.0,12.0,199,8.0
Elemental Damage with Attacks Support,10.0,18.0,846,8.0
Animate Guardian,2.0,10.0,275,8.0
Cold Penetration Support,4.0,12.0,178,8.0
Power Siphon,2.0,10.0,84,8.0
Innervate Support,2.0,10.0,44,8.0
Fist of War Support,2.0,10.0,38,8.0
Arcane Cloak,2.0,10.0,135,8.0
Reckoning,2.0,10.0,41,8.0
Summon Lightning Golem,2.0,10.0,116,8.0
Vulnerability,2.0,10.0,143,8.0
Mana Leech Support,2.0,10.0,31,8.0
Frost Wall,2.0,10.0,33,8.0
Intuitive Link,2.0,10.0,24,8.0
Artillery Ballista,3.0,10.8,264,7.800000000000001
Physical to Lightning Support,3.0,10.8,81,7.800000000000001
Bloodthirst Support,2.0,9.8,43,7.800000000000001
Earthbreaker Support,2.0,9.8,38,7.800000000000001
Anomalous Incinerate,5.0,12.4,8,7.4
Defiance Banner,7.6,15.0,532,7.4
Stun Support,2.0,9.2,30,7.199999999999999
Spark,3.0,10.0,88,7.0
Detonate Dead,3.0,10.0,61,7.0
Smite,3.0,10.0,54,7.0
Molten Shell,8.0,15.0,395,7.0
Divergent Stormbind,8.0,15.0,3,7.0
Shockwave Support,3.0,10.0,190,7.0
Sniper's Mark,8.0,15.0,538,7.0
Herald of Ice,10.0,17.0,384,7.0
Summon Carrion Golem,3.0,10.0,129,7.0
Corrupting Fever,3.0,10.0,103,7.0
Tornado Shot,4.0,11.0,360,7.0
Ancestral Warchief,3.0,10.0,142,7.0
Ballista Totem Support,6.0,13.0,382,7.0
Hexblast,3.0,10.0,242,7.0
Ice Crash,3.0,10.0,39,7.0
Blade Trap,3.0,10.0,87,7.0
Immolate Support,3.0,10.0,123,7.0
Chance to Bleed Support,3.0,10.0,59,7.0
Reave,3.0,10.0,24,7.0
Soulrend,3.0,10.0,82,7.0
Chance to Poison Support,3.0,10.0,232,7.0
Summon Stone Golem,3.0,10.0,237,7.0
Blazing Salvo,3.0,10.0,52,7.0
Glacial Cascade,3.0,10.0,24,7.0
Additional Accuracy Support,3.0,10.0,102,7.0
Summon Phantasm Support,3.0,10.0,68,7.0
Split Arrow,3.0,10.0,94,7.0
Divine Ire,2.0,9.0,75,7.0
Volatile Dead,3.0,10.0,83,7.0
Shock Nova,3.0,10.0,47,7.0
Summon Ice Golem,3.0,10.0,72,7.0
Wither,3.0,10.0,175,7.0
Flesh and Stone,3.0,10.0,127,7.0
Intimidating Cry,3.0,10.0,32,7.0
Ancestral Cry,3.0,10.0,143,7.0
Conductivity,3.0,10.0,87,7.0
Cast on Death Support,3.0,10.0,67,7.0
Hex Bloom Support,3.0,10.0,71,7.0
Ball Lightning,3.0,10.0,56,7.0
Cast while Channelling Support,3.0,10.0,140,7.0
Poacher's Mark,3.0,10.0,87,7.0
Purifying Flame,3.0,10.0,60,7.0
Urgent Orders Support,2.0,9.0,38,7.0
Void Sphere,3.0,10.0,73,7.0
Critical Strike Affliction Support,2.0,9.0,33,7.0
Ambush,3.0,10.0,32,7.0
Unearth,2.0,9.0,56,7.0
Focused Ballista Support,8.0,14.8,276,6.800000000000001
Lightning Tendrils,3.0,9.8,37,6.800000000000001
Sweep,2.0,8.8,38,6.800000000000001
Iron Will Support,3.0,9.6,32,6.6
Flame Wall,3.6,10.0,75,6.4
Increased Critical Damage Support,10.0,16.4,710,6.399999999999999
Protective Link,3.0,9.2,29,6.199999999999999
Divergent Herald of Agony,159.0,165.0,325,6.0
Venom Gyre,3.0,9.0,156,6.0
Volcanic Fissure,4.0,10.0,52,6.0
Fire Trap,5.0,11.0,475,6.0
Lancing Steel,4.0,10.0,52,6.0
Impending Doom Support,4.0,10.0,275,6.0
Shattering Steel,2.0,8.0,42,6.0
Increased Critical Strikes Support,8.0,14.0,533,6.0
Elemental Weakness,9.0,15.0,301,6.0
Combustion Support,4.0,10.0,512,6.0
Raise Zombie,3.0,9.0,232,6.0
High-Impact Mine Support,4.0,10.0,206,6.0
Exsanguinate,3.0,9.0,106,6.0
Deadly Ailments Support,4.0,10.0,360,6.0
Wave of Conviction,3.0,9.0,141,6.0
Molten Strike,4.0,10.0,82,6.0
Rolling Magma,3.0,9.0,52,6.0
Discharge,3.0,9.0,70,6.0
Melee Splash Support,4.0,10.0,261,6.0
Vile Toxins Support,3.0,9.0,70,6.0
Bane,2.0,8.0,107,6.0
Lightning Conduit,2.0,8.0,50,6.0
Life Leech Support,3.0,9.0,32,6.0
Fire Penetration Support,4.0,10.0,106,6.0
Lightning Penetration Support,4.0,10.0,216,6.0
Siege Ballista,2.0,8.0,67,6.0
Iron Grip Support,3.0,9.0,26,6.0
Warlord's Mark,3.0,9.0,82,6.0
Cast on Melee Kill Support,2.0,8.0,48,6.0
Pestilent Strike,3.0,9.0,61,6.0
Momentum Support,3.0,9.0,87,6.0
Spirit Offering,3.0,9.0,92,6.0
Bloodlust Support,2.0,8.0,26,6.0
Bladestorm,3.0,9.0,43,6.0
Icicle Mine,2.0,8.0,73,6.0
Heavy Strike,2.0,8.0,26,6.0
Dual Strike,3.0,8.8,38,5.800000000000001
Spectral Helix,2.0,7.8,47,5.8
Knockback Support,2.0,7.8,49,5.8
Anomalous Charged Dash,9.4,15.0,7,5.6
Rain of Arrows,2.0,7.6,103,5.6
Conversion Trap,3.0,8.6,54,5.6
Storm Burst,3.0,8.59,37,5.59
Wintertide Brand,2.0,7.4,51,5.4
Lacerate,2.2,7.4,35,5.2
Summon Chaos Golem,2.8,8.0,78,5.2
Crackling Lance,2.0,7.2,95,5.2
Anomalous Chance to Bleed Support,5.0,10.2,7,5.199999999999999
Explosive Concoction,3.0,8.2,59,5.199999999999999
Anomalous Flameblast,10.0,15.0,7,5.0
Anomalous Ancestral Cry,5.0,10.0,14,5.0
Block Chance Reduction Support,10.0,15.0,69,5.0
Devouring Totem,12.0,17.0,568,5.0
Arrogance Support,10.0,15.0,417,5.0
Manaforged Arrows Support,9.0,14.0,522,5.0
Ruthless Support,5.0,10.0,210,5.0
Malevolence,5.0,10.0,305,5.0
Nightblade Support,5.0,10.0,259,5.0
Raise Spectre,4.0,9.0,214,5.0
Seismic Trap,3.0,8.0,73,5.0
Mirage Archer Support,9.0,14.0,473,5.0
Earthquake,3.0,8.0,38,5.0
Close Combat Support,5.0,10.0,213,5.0
Voltaxic Burst,2.0,7.0,51,5.0
Void Manipulation Support,5.0,10.0,923,5.0
Spell Echo Support,7.0,12.0,402,5.0
Explosive Arrow,3.0,8.0,205,5.0
Vicious Projectiles Support,5.0,10.0,467,5.0
Added Cold Damage Support,5.0,10.0,404,5.0
Elemental Hit,5.0,10.0,140,5.0
Dominating Blow,3.0,8.0,54,5.0
Glacial Hammer,3.0,8.0,44,5.0
Summon Flame Golem,3.0,8.0,93,5.0
Winter Orb,2.0,7.0,46,5.0
Bladefall,2.0,7.0,47,5.0
Static Strike,4.0,9.0,53,5.0
Charged Dash,3.0,8.0,34,5.0
Poisonous Concoction,2.0,7.0,111,5.0
Seismic Cry,3.0,8.0,56,5.0
Orb of Storms,3.0,8.0,58,5.0
Vigilant Strike,3.0,8.0,35,5.0
Point Blank Support,3.0,8.0,87,5.0
Destructive Link,3.0,8.0,47,5.0
Stormbind,2.0,7.0,72,5.0
Flameblast,3.19,8.0,44,4.8100000000000005
Trinity Support,9.2,14.0,531,4.800000000000001
Scorching Ray,3.0,7.8,36,4.8
Anomalous Stun Support,5.4,10.0,25,4.6
Storm Call,3.0,7.4,44,4.4
Stormblast Mine,3.0,7.4,39,4.4
Flame Link,3.0,7.2,40,4.2
Incinerate,3.0,7.2,58,4.2
Cobra Lash,2.0,6.2,36,4.2
Penance Brand,3.0,7.2,46,4.2
Blade Blast,2.0,6.2,42,4.2
Boneshatter,3.0,7.0,322,4.0
Multistrike Support,10.0,14.0,460,4.0
Blight,2.0,6.0,37,4.0
Flammability,4.0,8.0,350,4.0
Ground Slam,3.0,7.0,25,4.0
Brutality Support,5.0,9.0,476,4.0
Shockwave Totem,2.2,6.2,65,4.0
Tectonic Slam,3.0,7.0,41,4.0
Lightning Spire Trap,3.0,7.0,55,4.0
Decay Support,3.0,7.0,35,4.0
Viper Strike,2.0,6.0,41,4.0
Smoke Mine,3.0,7.0,41,4.0
Kinetic Bolt,3.0,7.0,57,4.0
Sunder,2.0,6.0,35,4.0
Chain Hook,3.0,7.0,36,4.0
Ancestral Call Support,4.0,8.0,79,4.0
Cold Snap,3.0,7.0,188,4.0
Dark Pact,2.0,6.0,57,4.0
Riposte,3.0,7.0,41,4.0
Pyroclast Mine,3.0,7.0,75,4.0
Rage Vortex,3.0,7.0,65,4.0
Efficacy Support,6.2,10.0,837,3.8
Ice Trap,2.2,6.0,77,3.8
Perforate,3.0,6.8,32,3.8
Summon Reaper,2.4,6.0,55,3.6
Divergent Shrapnel Ballista,6.6,10.2,5,3.5999999999999996
Divergent Poisonous Concoction,6.8,10.0,37,3.2
Summon Raging Spirit,2.0,5.0,430,3.0
Elemental Focus Support,7.0,10.0,688,3.0
Swift Affliction Support,7.0,10.0,773,3.0
Added Chaos Damage Support,3.0,6.0,250,3.0
Added Lightning Damage Support,5.0,8.0,213,3.0
Explosive Trap,3.0,6.0,74,3.0
Galvanic Field,3.0,6.0,61,3.0
Elemental Proliferation Support,3.0,6.0,301,3.0
Shield Crush,3.0,6.0,76,3.0
Flamethrower Trap,3.0,6.0,46,3.0
Rallying Cry,5.0,8.0,107,3.0
Shrapnel Ballista,3.0,6.0,51,3.0
Frozen Legion,4.0,7.0,57,3.0
Lifetap Support,10.0,12.83,633,2.83
Summon Holy Relic,3.6,6.4,53,2.8000000000000003
Cleave,5.0,7.4,36,2.4000000000000004
Vampiric Link,4.0,6.2,28,2.2
Bodyswap,3.0,5.2,29,2.2
Earthshatter,2.8,5.0,32,2.2
Trap and Mine Damage Support,8.0,10.0,330,2.0
Alchemist's Mark,3.0,5.0,57,2.0
Melee Physical Damage Support,5.0,7.0,446,2.0
Essence Drain,3.0,5.0,59,2.0
Spectral Throw,3.0,5.0,82,2.0
Contagion,3.0,5.0,53,2.0
Consecrated Path,3.0,5.0,63,2.0
Armageddon Brand,3.0,5.0,101,2.0
Searing Bond,3.0,5.0,48,2.0
Infernal Blow,3.0,5.0,40,2.0
Holy Flame Totem,3.0,5.0,75,2.0
Cremation,3.0,5.0,60,2.0
Prismatic Burst Support,3.2,5.0,71,1.7999999999999998
Wild Strike,5.0,6.4,37,1.4000000000000004
Burning Damage Support,4.0,5.0,758,1.0
Toxic Rain,5.0,6.0,457,1.0
Lightning Trap,4.0,5.0,134,1.0
Minion Damage Support,4.0,5.0,549,1.0
Controlled Destruction Support,4.0,5.0,451,1.0
Added Fire Damage Support,5.0,6.0,124,1.0
Mirror Arrow,4.0,5.0,230,1.0
Anomalous Lightning Trap,4.2,5.0,16,0.7999999999999998
Divergent Inspiration Support,446.22,446.22,183,0.0
Phantasmal Domination,0,0,0,0
Enlighten Support,0,0,0,0
Domination,0,0,0,0
Anomalous Impurity of Lightning,0,0,0,0
Enhance Support,0,0,0,0
Empower Support,0,0,0,0
Divergent Domination,0,0,0,0
Divergent Impurity of Lightning,0,0,0,0
Anomalous Domination,0,0,0,0
Anomalous Impurity of Fire,0,0,0,0
Divergent Impurity of Fire,0,0,0,0
Divergent Impurity of Ice,0,0,0,0
Anomalous Impurity of Ice,0,0,0,0
Impurity of Fire,0,0,0,0
Impurity of Lightning,0,0,0,0
Impurity of Ice,0,0,0,0
Portal,0,0,0,0
Detonate Mines,0,0,0,0
Brand Recall,2.6,0,0,-2.6
Blood and Sand,4.0,0,0,-4.0
Anomalous Vampiric Link,5.0,0,0,-5.0
Phantasmal Stormblast Mine,5.0,0,0,-5.0
Divergent Seismic Cry,7.6,0,0,-7.6
Divergent Stun Support,9.0,0,0,-9.0
Anomalous Brand Recall,9.0,0,0,-9.0
Anomalous Holy Flame Totem,10.0,0,0,-10.0
Divergent Elemental Proliferation Support,10.0,0,0,-10.0
Phantasmal Bear Trap,10.0,0,0,-10.0
Phantasmal Siphoning Trap,10.0,0,0,-10.0
Anomalous Detonate Mines,10.0,0,0,-10.0
Divergent Blood and Sand,15.0,0,0,-15.0
Anomalous Portal,20.0,0,0,-20.0
Anomalous Enhance Support,70.0,0,0,-70.0
Anomalous Empower Support,80.0,0,0,-80.0
Anomalous Blood and Sand,200.0,0,0,-200.0
Anomalous Enlighten Support,334.66,0,0,-334.66
Awakened Enhance Support,6425.57,0,0,-6425.57
Awakened Empower Support,9147.51,0,0,-9147.51
Awakened Enlighten Support,12717.27,0,0,-12717.27
